{
  "features": [
    "heart_rate",
    "hrv",
    "spo2",
    "stress_level",
    "sleep_hours",
    "activity_level",
    "screen_unlocks",
    "app_usage_minutes"
  ],
  "mean": [
    87.62960801209,
    36.17461216226258,
    96.49107655904251,
    5.266929752966564,
    6.0433280809487675,
    0.3508527443648824,
    27.944,
    159.2705
  ],
  "scale": [
    16.766298514806792,
    16.468350966552848,
    1.4550975416731555,
    2.7476726721288793,
    1.5918411987551488,
    0.23266452682888009,
    15.047852471366138,
    72.60183420375824
  ]
}